ID_code,price
test_1,5667
test_2,638
test_3,450
test_4,12764
test_5,1326
test_6,13338
test_7,1436
test_8,7713
test_9,5796
test_10,3574
test_11,8165
test_12,3858
test_13,3552
test_14,489
test_15,1884
test_16,15984
test_17,769
test_18,642
test_19,666
test_20,5242
test_21,1074
test_22,6115
test_23,899
test_24,645
test_25,1948
test_26,5731
test_27,3250
test_28,17068
test_29,1221
test_30,3332
test_31,8548
test_32,1271
test_33,1016
test_34,2875
test_35,4743
test_36,15584
test_37,1893
test_38,524
test_39,2594
test_40,527
test_41,505
test_42,4714
test_43,803
test_44,445
test_45,6399
test_46,4322
test_47,995
test_48,6774
test_49,706
test_50,1003
test_51,1095
test_52,1141
test_53,645
test_54,5136
test_55,1197
test_56,2629
test_57,1304
test_58,9412
test_59,4274
test_60,4950
test_61,7589
test_62,3024
test_63,914
test_64,911
test_65,884
test_66,6777
test_67,854
test_68,1569
test_69,439
test_70,2442
test_71,1548
test_72,1609
test_73,1625
test_74,9783
test_75,828
test_76,1295
test_77,7155
test_78,4373
test_79,687
test_80,571
test_81,10833
test_82,3001
test_83,4466
test_84,11500
test_85,8668
test_86,1168
test_87,710
test_88,1073
test_89,3235
test_90,7333
test_91,3000
test_92,7639
test_93,13027
test_94,1819
test_95,5345
test_96,1779
test_97,862
test_98,2988
test_99,851
test_100,2832
test_101,571
test_102,1003
test_103,2967
test_104,926
test_105,753
test_106,554
test_107,744
test_108,1914
test_109,2661
test_110,544
test_111,4914
test_112,4608
test_113,10214
test_114,4670
test_115,1400
test_116,2583
test_117,523
test_118,5315
test_119,421
test_120,537
test_121,984
test_122,2810
test_123,3332
test_124,870
test_125,6403
test_126,4414
test_127,9229
test_128,8895
test_129,2694
test_130,8895
test_131,5407
test_132,1216
test_133,573
test_134,972
test_135,738
test_136,7811
test_137,747
test_138,16232
test_139,854
test_140,2109
test_141,1107
test_142,4252
test_143,3763
test_144,2958
test_145,3223
test_146,8930
test_147,904
test_148,12099
test_149,419
test_150,1774
test_151,5601
test_152,571
test_153,3192
test_154,575
test_155,544
test_156,1984
test_157,5453
test_158,4724
test_159,4518
test_160,4824
test_161,1802
test_162,3042
test_163,593
test_164,4333
test_165,2218
test_166,608
test_167,969
test_168,766
test_169,992
test_170,13819
test_171,6830
test_172,8940
test_173,1002
test_174,967
test_175,10126
test_176,8799
test_177,4640
test_178,3763
test_179,2450
test_180,1628
test_181,859
test_182,2513
test_183,9224
test_184,926
test_185,1238
test_186,3711
test_187,799
test_188,6843
test_189,8712
test_190,526
test_191,1020
test_192,7032
test_193,6504
test_194,4389
test_195,4392
test_196,3606
test_197,1723
test_198,904
test_199,1974
test_200,4271
test_201,13595
test_202,744
test_203,1056
test_204,1448
test_205,9775
test_206,478
test_207,2346
test_208,2056
test_209,3071
test_210,828
test_211,2117
test_212,1087
test_213,2409
test_214,1574
test_215,1631
test_216,1792
test_217,945
test_218,4125
test_219,8029
test_220,5058
test_221,2803
test_222,7154
test_223,2947
test_224,3242
test_225,707
test_226,3679
test_227,4626
test_228,10996
test_229,720
test_230,4691
test_231,1239
test_232,589
test_233,10913
test_234,1939
test_235,4167
test_236,2435
test_237,4244
test_238,789
test_239,3409
test_240,533
test_241,642
test_242,1132
test_243,2313
test_244,2671
test_245,2459
test_246,9942
test_247,2135
test_248,3813
test_249,8674
test_250,12631
test_251,2397
test_252,9232
test_253,1065
test_254,4915
test_255,1155
test_256,1806
test_257,819
test_258,5777
test_259,756
test_260,4227
test_261,717
test_262,6547
test_263,1333
test_264,3563
test_265,13661
test_266,1013
test_267,1614
test_268,1346
test_269,8593
test_270,2333
test_271,847
test_272,2310
test_273,6963
test_274,567
test_275,4234
test_276,459
test_277,15126
test_278,1949
test_279,830
test_280,1814
test_281,3342
test_282,10053
test_283,698
test_284,9299
test_285,1056
test_286,2558
test_287,1562
test_288,526
test_289,3273
test_290,1594
test_291,652
test_292,2680
test_293,3903
test_294,6126
test_295,1819
test_296,6441
test_297,681
test_298,1080
test_299,10804
test_300,3752
test_301,5938
test_302,2365
test_303,11360
test_304,4398
test_305,15776
test_306,596
test_307,2492
test_308,1155
test_309,14205
test_310,1807
test_311,9030
test_312,1915
test_313,827
test_314,838
test_315,9086
test_316,15984
test_317,605
test_318,4809
test_319,3449
test_320,10099
test_321,465
test_322,10019
test_323,1186
test_324,1029
test_325,7340
test_326,2941
test_327,4730
test_328,4678
test_329,493
test_330,3039
test_331,1340
test_332,595
test_333,6754
test_334,740
test_335,3265
test_336,8584
test_337,5979
test_338,1151
test_339,1845
test_340,2609
test_341,1116
test_342,552
test_343,596
test_344,2096
test_345,2070
test_346,1179
test_347,4029
test_348,596
test_349,2314
test_350,5416
test_351,3073
test_352,2891
test_353,4804
test_354,3024
test_355,8637
test_356,1585
test_357,652
test_358,2804
test_359,507
test_360,2964
test_361,1067
test_362,988
test_363,1129
test_364,2964
test_365,1731
test_366,1977
test_367,17715
test_368,2800
test_369,706
test_370,851
test_371,872
test_372,6217
test_373,1107
test_374,18102
test_375,814
test_376,638
test_377,730
test_378,9465
test_379,4198
test_380,4955
test_381,8954
test_382,18190
test_383,613
test_384,18648
test_385,1235
test_386,3053
test_387,975
test_388,13006
test_389,3572
test_390,613
test_391,4587
test_392,3200
test_393,1096
test_394,2156
test_395,7732
test_396,2212
test_397,3149
test_398,9275
test_399,871
test_400,16451
test_401,827
test_402,689
test_403,5717
test_404,462
test_405,2569
test_406,818
test_407,4770
test_408,576
test_409,7068
test_410,2287
test_411,3193
test_412,3167
test_413,865
test_414,1235
test_415,1125
test_416,7806
test_417,1963
test_418,10065
test_419,1919
test_420,1013
test_421,2474
test_422,1142
test_423,5864
test_424,7076
test_425,7983
test_426,2367
test_427,844
test_428,1615
test_429,2604
test_430,2085
test_431,4116
test_432,1229
test_433,2121
test_434,5139
test_435,2564
test_436,1024
test_437,5939
test_438,1650
test_439,827
test_440,3854
test_441,1378
test_442,5555
test_443,3278
test_444,2537
test_445,810
test_446,898
test_447,16407
test_448,1727
test_449,756
test_450,1388
test_451,547
test_452,496
test_453,17539
test_454,608
test_455,1002
test_456,6098
test_457,612
test_458,9285
test_459,10182
test_460,2519
test_461,608
test_462,4580
test_463,1995
test_464,17347
test_465,1667
test_466,4729
test_467,3835
test_468,625
test_469,13420
test_470,878
test_471,6159
test_472,1993
test_473,679
test_474,14057
test_475,1014
test_476,2372
test_477,716
test_478,863
test_479,2348
test_480,3326
test_481,1035
test_482,1142
test_483,4240
test_484,7286
test_485,1671
test_486,2260
test_487,1983
test_488,680
test_489,4191
test_490,616
test_491,1243
test_492,6022
test_493,1438
test_494,974
test_495,675
test_496,2018
test_497,847
test_498,4276
test_499,2449
test_500,11189
test_501,6159
test_502,665
test_503,457
test_504,626
test_505,1240
test_506,13536
test_507,4620
test_508,807
test_509,947
test_510,1340
test_511,864
test_512,10291
test_513,1619
test_514,1561
test_515,684
test_516,572
test_517,3438
test_518,6579
test_519,8716
test_520,9234
test_521,1133
test_522,5335
test_523,544
test_524,3997
test_525,2310
test_526,498
test_527,641
test_528,4900
test_529,703
test_530,1298
test_531,3131
test_532,816
test_533,949
test_534,6049
test_535,2938
test_536,6762
test_537,5164
test_538,644
test_539,1065
test_540,593
test_541,10859
test_542,816
test_543,865
test_544,14945
test_545,11231
test_546,679
test_547,8014
test_548,995
test_549,1715
test_550,1724
test_551,547
test_552,6566
test_553,17323
test_554,7821
test_555,2544
test_556,827
test_557,4113
test_558,17434
test_559,773
test_560,17160
test_561,911
test_562,880
test_563,6012
test_564,5524
test_565,413
test_566,2990
test_567,2178
test_568,702
test_569,1691
test_570,10609
test_571,793
test_572,5841
test_573,4707
test_574,1011
test_575,10872
test_576,4643
test_577,13453
test_578,1024
test_579,1074
test_580,802
test_581,1318
test_582,1778
test_583,2361
test_584,4028
test_585,7560
test_586,559
test_587,4872
test_588,2010
test_589,4168
test_590,5204
test_591,4531
test_592,4633
test_593,15917
test_594,3770
test_595,789
test_596,720
test_597,18653
test_598,458
test_599,631
test_600,10164
test_601,552
test_602,15151
test_603,614
test_604,6488
test_605,1192
test_606,4290
test_607,1153
test_608,2612
test_609,707
test_610,3524
test_611,2246
test_612,2409
test_613,1086
test_614,1747
test_615,906
test_616,4401
test_617,14040
test_618,2896
test_619,652
test_620,3478
test_621,1446
test_622,4612
test_623,3696
test_624,863
test_625,833
test_626,1376
test_627,1671
test_628,11696
test_629,11088
test_630,1994
test_631,17176
test_632,810
test_633,2001
test_634,3334
test_635,13253
test_636,3026
test_637,2896
test_638,1662
test_639,898
test_640,698
test_641,816
test_642,2203
test_643,15941
test_644,9014
test_645,9009
test_646,7507
test_647,660
test_648,3734
test_649,458
test_650,534
test_651,756
test_652,1087
test_653,1016
test_654,2868
test_655,645
test_656,548
test_657,605
test_658,906
test_659,2066
test_660,1810
test_661,2958
test_662,765
test_663,530
test_664,1142
test_665,2933
test_666,3018
test_667,1826
test_668,571
test_669,5838
test_670,435
test_671,447
test_672,810
test_673,4598
test_674,4636
test_675,10517
test_676,1864
test_677,5818
test_678,1983
test_679,776
test_680,9677
test_681,14330
test_682,4239
test_683,10663
test_684,11234
test_685,1009
test_686,5297
test_687,3774
test_688,5724
test_689,737
test_690,11093
test_691,524
test_692,5832
test_693,604
test_694,15942
test_695,949
test_696,516
test_697,764
test_698,5700
test_699,1356
test_700,1642
test_701,3342
test_702,4708
test_703,2668
test_704,14634
test_705,6774
test_706,16800
test_707,1348
test_708,2272
test_709,1103
test_710,1019
test_711,10897
test_712,10063
test_713,15412
test_714,1786
test_715,499
test_716,9678
test_717,408
test_718,825
test_719,5420
test_720,787
test_721,554
test_722,1901
test_723,5291
test_724,6479
test_725,1433
test_726,1787
test_727,775
test_728,2094
test_729,13596
test_730,3794
test_731,7966
test_732,360
test_733,2002
test_734,1435
test_735,3464
test_736,17141
test_737,625
test_738,954
test_739,1436
test_740,6300
test_741,2319
test_742,4256
test_743,11180
test_744,4544
test_745,12971
test_746,5765
test_747,838
test_748,5494
test_749,3604
test_750,2862
test_751,15282
test_752,6095
test_753,4021
test_754,702
test_755,4588
test_756,489
test_757,6513
test_758,891
test_759,778
test_760,605
test_761,530
test_762,9730
test_763,12929
test_764,3423
test_765,1895
test_766,3587
test_767,665
test_768,8662
test_769,1744
test_770,1336
test_771,9580
test_772,1112
test_773,4185
test_774,1892
test_775,3607
test_776,10827
test_777,1446
test_778,3897
test_779,2399
test_780,517
test_781,1002
test_782,1825
test_783,2124
test_784,1061
test_785,1624
test_786,13063
test_787,3609
test_788,13588
test_789,1013
test_790,7262
test_791,15172
test_792,2359
test_793,3091
test_794,2404
test_795,6288
test_796,710
test_797,1857
test_798,4861
test_799,868
test_800,1305
test_801,814
test_802,1374
test_803,498
test_804,5962
test_805,470
test_806,4241
test_807,1917
test_808,9282
test_809,1026
test_810,720
test_811,732
test_812,692
test_813,8988
test_814,8886
test_815,14773
test_816,1064
test_817,698
test_818,2229
test_819,3751
test_820,11544
test_821,7055
test_822,931
test_823,6931
test_824,846
test_825,447
test_826,848
test_827,1087
test_828,15746
test_829,2360
test_830,17312
test_831,1255
test_832,645
test_833,1136
test_834,4022
test_835,898
test_836,668
test_837,3936
test_838,4023
test_839,4606
test_840,5351
test_841,5627
test_842,3521
test_843,1280
test_844,472
test_845,575
test_846,4892
test_847,2535
test_848,574
test_849,7292
test_850,6945
test_851,719
test_852,3528
test_853,1836
test_854,6854
test_855,2462
test_856,4631
test_857,1264
test_858,13757
test_859,6629
test_860,2258
test_861,716
test_862,2310
test_863,984
test_864,1948
test_865,2912
test_866,700
test_867,4490
test_868,984
test_869,2288
test_870,700
test_871,642
test_872,1813
test_873,1659
test_874,445
test_875,491
test_876,1138
test_877,1607
test_878,1238
test_879,1103
test_880,12459
test_881,2364
test_882,911
test_883,1237
test_884,17265
test_885,1333
test_886,2230
test_887,11108
test_888,1720
test_889,1662
test_890,574
test_891,720
test_892,504
test_893,776
test_894,3774
test_895,2376
test_896,5845
test_897,5176
test_898,1973
test_899,4511
test_900,1656
test_901,776
test_902,16384
test_903,1097
test_904,990
test_905,15261
test_906,4095
test_907,1624
test_908,755
test_909,4277
test_910,561
test_911,3919
test_912,1273
test_913,17469
test_914,1922
test_915,1441
test_916,450
test_917,735
test_918,2817
test_919,4771
test_920,522
test_921,1125
test_922,1237
test_923,1080
test_924,798
test_925,873
test_926,698
test_927,1949
test_928,1300
test_929,3461
test_930,446
test_931,1096
test_932,9178
test_933,1176
test_934,1007
test_935,574
test_936,2066
test_937,5129
test_938,2930
test_939,2767
test_940,732
test_941,827
test_942,5412
test_943,4037
test_944,3074
test_945,957
test_946,361
test_947,559
test_948,2215
test_949,596
test_950,574
test_951,687
test_952,12698
test_953,8629
test_954,876
test_955,2005
test_956,642
test_957,8911
test_958,1608
test_959,8794
test_960,730
test_961,3726
test_962,741
test_963,930
test_964,1722
test_965,3831
test_966,2612
test_967,7090
test_968,1208
test_969,14341
test_970,3238
test_971,720
test_972,6830
test_973,6232
test_974,544
test_975,2800
test_976,945
test_977,2098
test_978,608
test_979,5797
test_980,10685
test_981,435
test_982,435
test_983,879
test_984,9925
test_985,3819
test_986,1404
test_987,4442
test_988,522
test_989,4238
test_990,5506
test_991,7197
test_992,3634
test_993,1976
test_994,5100
test_995,1268
test_996,844
test_997,1100
test_998,3464
test_999,3136
test_1000,3035
test_1001,7421
test_1002,526
test_1003,449
test_1004,3535
test_1005,773
test_1006,492
test_1007,1021
test_1008,692
test_1009,4900
test_1010,616
test_1011,1781
test_1012,10430
test_1013,2757
test_1014,1249
test_1015,4355
test_1016,5169
test_1017,17723
test_1018,11389
test_1019,622
test_1020,2149
test_1021,2055
test_1022,4830
test_1023,4664
test_1024,4268
test_1025,4561
test_1026,622
test_1027,1101
test_1028,3429
test_1029,4150
test_1030,924
test_1031,749
test_1032,4423
test_1033,1894
test_1034,4032
test_1035,924
test_1036,9120
test_1037,5209
test_1038,967
test_1039,5000
test_1040,807
test_1041,2426
test_1042,504
test_1043,1153
test_1044,7089
test_1045,1937
test_1046,5405
test_1047,1978
test_1048,4020
test_1049,5305
test_1050,16778
test_1051,1235
test_1052,5430
test_1053,2058
test_1054,1133
test_1055,10940
test_1056,1080
test_1057,5055
test_1058,5398
test_1059,1583
test_1060,5100
test_1061,1318
test_1062,4704
test_1063,977
test_1064,11864
test_1065,1656
test_1066,4816
test_1067,672
test_1068,5197
test_1069,3246
test_1070,7584
test_1071,2331
test_1072,1787
test_1073,4304
test_1074,9707
test_1075,776
test_1076,579
test_1077,968
test_1078,1698
test_1079,5431
test_1080,625
test_1081,2028
test_1082,6106
test_1083,858
test_1084,3411
test_1085,1271
test_1086,396
test_1087,1746
test_1088,6097
test_1089,910
test_1090,561
test_1091,735
test_1092,911
test_1093,667
test_1094,5159
test_1095,3181
test_1096,1838
test_1097,964
test_1098,1415
test_1099,15109
test_1100,1030
test_1101,6817
test_1102,5081
test_1103,5665
test_1104,447
test_1105,1441
test_1106,874
test_1107,7715
test_1108,1940
test_1109,929
test_1110,1574
test_1111,10069
test_1112,958
test_1113,5361
test_1114,1413
test_1115,6698
test_1116,2305
test_1117,562
test_1118,17073
test_1119,3220
test_1120,470
test_1121,2854
test_1122,894
test_1123,5751
test_1124,2569
test_1125,540
test_1126,11376
test_1127,2226
test_1128,1611
test_1129,5706
test_1130,1893
test_1131,8254
test_1132,8427
test_1133,10352
test_1134,689
test_1135,853
test_1136,4698
test_1137,1052
test_1138,6456
test_1139,4642
test_1140,719
test_1141,4688
test_1142,911
test_1143,6318
test_1144,1050
test_1145,5096
test_1146,767
test_1147,530
test_1148,1115
test_1149,609
test_1150,631
test_1151,6969
test_1152,803
test_1153,3317
test_1154,5364
test_1155,1930
test_1156,1896
test_1157,995
test_1158,3529
test_1159,422
test_1160,840
test_1161,1152
test_1162,5988
test_1163,1013
test_1164,6990
test_1165,3724
test_1166,4481
test_1167,401
test_1168,3025
test_1169,1330
test_1170,1803
test_1171,2366
test_1172,886
test_1173,14623
test_1174,8471
test_1175,3330
test_1176,6559
test_1177,605
test_1178,14278
test_1179,506
test_1180,3603
test_1181,2733
test_1182,886
test_1183,789
test_1184,14842
test_1185,2376
test_1186,1378
test_1187,6466
test_1188,658
test_1189,7441
test_1190,5842
test_1191,2789
test_1192,1664
test_1193,795
test_1194,5394
test_1195,11028
test_1196,1746
test_1197,478
test_1198,16601
test_1199,933
test_1200,8752
test_1201,436
test_1202,17856
test_1203,7365
test_1204,3183
test_1205,790
test_1206,1203
test_1207,5871
test_1208,6458
test_1209,682
test_1210,507
test_1211,10308
test_1212,9709
test_1213,5652
test_1214,1443
test_1215,495
test_1216,2569
test_1217,1933
test_1218,2878
test_1219,5889
test_1220,1153
test_1221,9193
test_1222,5266
test_1223,9401
test_1224,840
test_1225,995
test_1226,9747
test_1227,4558
test_1228,10931
test_1229,2714
test_1230,6794
test_1231,12297
test_1232,2647
test_1233,5747
test_1234,3137
test_1235,2649
test_1236,8233
test_1237,2548
test_1238,1763
test_1239,1620
test_1240,1642
test_1241,15837
test_1242,847
test_1243,642
test_1244,3220
test_1245,6163
test_1246,17028
test_1247,489
test_1248,12440
test_1249,511
test_1250,4240
test_1251,6770
test_1252,1061
test_1253,1211
test_1254,802
test_1255,5345
test_1256,816
test_1257,505
test_1258,945
test_1259,1377
test_1260,1368
test_1261,362
test_1262,561
test_1263,3299
test_1264,1131
test_1265,4003
test_1266,7177
test_1267,789
test_1268,599
test_1269,593
test_1270,3489
test_1271,857
test_1272,1586
test_1273,1037
test_1274,1173
test_1275,935
test_1276,3090
test_1277,2274
test_1278,778
test_1279,393
test_1280,945
test_1281,2177
test_1282,589
test_1283,2819
test_1284,12265
test_1285,1061
test_1286,3696
test_1287,658
test_1288,15454
test_1289,1662
test_1290,11163
test_1291,15433
test_1292,13813
test_1293,1922
test_1294,6133
test_1295,3669
test_1296,2246
test_1297,810
test_1298,659
test_1299,4366
test_1300,3082
test_1301,2310
test_1302,854
test_1303,7602
test_1304,1010
test_1305,772
test_1306,1956
test_1307,1094
test_1308,4385
test_1309,10338
test_1310,2194
test_1311,868
test_1312,3378
test_1313,1001
test_1314,840
test_1315,17036
test_1316,2298
test_1317,1621
test_1318,1197
test_1319,2083
test_1320,15122
test_1321,605
test_1322,1135
test_1323,621
test_1324,4048
test_1325,3405
test_1326,961
test_1327,799
test_1328,2842
test_1329,13938
test_1330,4292
test_1331,863
test_1332,612
test_1333,2847
test_1334,2853
test_1335,8703
test_1336,4668
test_1337,4242
test_1338,8860
test_1339,2559
test_1340,2048
test_1341,6116
test_1342,605
test_1343,8915
test_1344,2858
test_1345,2401
test_1346,680
test_1347,858
test_1348,576
test_1349,872
test_1350,17050
test_1351,872
test_1352,1095
test_1353,2039
test_1354,2089
test_1355,4861
test_1356,596
test_1357,766
test_1358,4432
test_1359,5322
test_1360,4286
test_1361,3656
test_1362,3377
test_1363,4475
test_1364,1031
test_1365,612
test_1366,2777
test_1367,8847
test_1368,5274
test_1369,12400
test_1370,8907
test_1371,10431
test_1372,11189
test_1373,2106
test_1374,686
test_1375,6263
test_1376,3545
test_1377,716
test_1378,10446
test_1379,5426
test_1380,6600
test_1381,3862
test_1382,2937
test_1383,1050
test_1384,4502
test_1385,8759
test_1386,552
test_1387,17442
test_1388,1749
test_1389,8596
test_1390,557
test_1391,5091
test_1392,7632
test_1393,1793
test_1394,1637
test_1395,1757
test_1396,515
test_1397,565
test_1398,6183
test_1399,858
test_1400,14350
test_1401,4679
test_1402,15805
test_1403,2163
test_1404,477
test_1405,765
test_1406,2198
test_1407,9698
test_1408,2979
test_1409,3036
test_1410,730
test_1411,18172
test_1412,776
test_1413,11927
test_1414,4022
test_1415,1794
test_1416,3212
test_1417,526
test_1418,2973
test_1419,9013
test_1420,8616
test_1421,3720
test_1422,10752
test_1423,4794
test_1424,658
test_1425,1745
test_1426,10302
test_1427,460
test_1428,682
test_1429,829
test_1430,1007
test_1431,984
test_1432,8362
test_1433,3165
test_1434,730
test_1435,6300
test_1436,1429
test_1437,1115
test_1438,5086
test_1439,5221
test_1440,2389
test_1441,6522
test_1442,8809
test_1443,8181
test_1444,1190
test_1445,18153
test_1446,2168
test_1447,590
test_1448,16786
test_1449,9355
test_1450,1774
test_1451,1289
test_1452,6785
test_1453,865
test_1454,5599
test_1455,891
test_1456,5294
test_1457,1013
test_1458,943
test_1459,338
test_1460,5624
test_1461,9761
test_1462,692
test_1463,860
test_1464,815
test_1465,4689
test_1466,732
test_1467,2609
test_1468,15889
test_1469,6320
test_1470,13287
test_1471,10012
test_1472,10411
test_1473,2856
test_1474,7243
test_1475,707
test_1476,2231
test_1477,4948
test_1478,3145
test_1479,852
test_1480,404
test_1481,3710
test_1482,2856
test_1483,1008
test_1484,10083
test_1485,1087
test_1486,8001
test_1487,5376
test_1488,491
test_1489,944
test_1490,6350
test_1491,4170
test_1492,4836
test_1493,7695
test_1494,5016
test_1495,1060
test_1496,4503
test_1497,6286
test_1498,6202
test_1499,5794
test_1500,828
test_1501,663
test_1502,2563
test_1503,1279
test_1504,846
test_1505,8911
test_1506,1385
test_1507,3154
test_1508,9683
test_1509,1165
test_1510,435
test_1511,960
test_1512,15646
test_1513,806
test_1514,14319
test_1515,3782
test_1516,526
test_1517,1938
test_1518,6522
test_1519,5834
test_1520,5110
test_1521,11508
test_1522,1069
test_1523,1928
test_1524,4013
test_1525,596
test_1526,505
test_1527,1196
test_1528,3461
test_1529,1651
test_1530,532
test_1531,2393
test_1532,1356
test_1533,3399
test_1534,1601
test_1535,3238
test_1536,3381
test_1537,1338
test_1538,5171
test_1539,639
test_1540,1153
test_1541,10350
test_1542,6701
test_1543,10278
test_1544,1154
test_1545,553
test_1546,756
test_1547,4769
test_1548,1013
test_1549,3308
test_1550,6685
test_1551,4295
test_1552,1755
test_1553,905
test_1554,3808
test_1555,854
test_1556,8669
test_1557,1052
test_1558,4401
test_1559,1841
test_1560,552
test_1561,1659
test_1562,2142
test_1563,2453
test_1564,4549
test_1565,4937
test_1566,1386
test_1567,15959
test_1568,11262
test_1569,8797
test_1570,4492
test_1571,7859
test_1572,1113
test_1573,7819
test_1574,4128
test_1575,7996
test_1576,959
test_1577,9870
test_1578,1629
test_1579,743
test_1580,638
test_1581,3521
test_1582,3248
test_1583,4898
test_1584,5453
test_1585,792
test_1586,1343
test_1587,490
test_1588,3797
test_1589,711
test_1590,2823
test_1591,3353
test_1592,1808
test_1593,2291
test_1594,2671
test_1595,3172
test_1596,11943
test_1597,6776
test_1598,3863
test_1599,5376
test_1600,4558
test_1601,491
test_1602,10763
test_1603,4347
test_1604,4922
test_1605,4292
test_1606,6874
test_1607,6762
test_1608,2473
test_1609,2063
test_1610,1431
test_1611,877
test_1612,7961
test_1613,16900
test_1614,1030
test_1615,6664
test_1616,3439
test_1617,408
test_1618,3518
test_1619,1225
test_1620,13930
test_1621,827
test_1622,2263
test_1623,464
test_1624,3612
test_1625,11746
test_1626,696
test_1627,2584
test_1628,489
test_1629,1780
test_1630,1437
test_1631,15688
test_1632,791
test_1633,2023
test_1634,472
test_1635,1041
test_1636,1210
test_1637,13869
test_1638,1649
test_1639,1996
test_1640,1676
test_1641,781
test_1642,1065
test_1643,2060
test_1644,2902
test_1645,5131
test_1646,1916
test_1647,912
test_1648,3303
test_1649,3768
test_1650,764
test_1651,1947
test_1652,816
test_1653,5237
test_1654,2096
test_1655,6175
test_1656,648
test_1657,522
test_1658,612
test_1659,778
test_1660,645
test_1661,4077
test_1662,2251
test_1663,2779
test_1664,3291
test_1665,710
test_1666,2052
test_1667,9897
test_1668,526
test_1669,7018
test_1670,673
test_1671,9384
test_1672,8622
test_1673,13034
test_1674,672
test_1675,9432
test_1676,7213
test_1677,5786
test_1678,14038
test_1679,4054
test_1680,6774
test_1681,4758
test_1682,1068
test_1683,852
test_1684,2942
test_1685,4676
test_1686,13065
test_1687,8637
test_1688,1580
test_1689,5564
test_1690,4566
test_1691,1180
test_1692,5265
test_1693,12696
test_1694,5364
test_1695,665
test_1696,9908
test_1697,5947
test_1698,610
test_1699,1251
test_1700,10313
test_1701,2822
test_1702,487
test_1703,3121
test_1704,975
test_1705,1664
test_1706,16704
test_1707,11068
test_1708,12418
test_1709,592
test_1710,628
test_1711,880
test_1712,1637
test_1713,14192
test_1714,4007
test_1715,548
test_1716,776
test_1717,2018
test_1718,873
test_1719,3668
test_1720,796
test_1721,2394
test_1722,5618
test_1723,1607
test_1724,17045
test_1725,3413
test_1726,606
test_1727,1053
test_1728,3725
test_1729,15386
test_1730,2235
test_1731,1580
test_1732,3298
test_1733,765
test_1734,868
test_1735,1838
test_1736,1356
test_1737,3495
test_1738,1839
test_1739,1061
test_1740,4205
test_1741,1441
test_1742,12327
test_1743,931
test_1744,905
test_1745,4432
test_1746,8346
test_1747,3801
test_1748,11435
test_1749,506
test_1750,3261
test_1751,844
test_1752,987
test_1753,628
test_1754,4136
test_1755,854
test_1756,526
test_1757,17116
test_1758,13324
test_1759,5548
test_1760,2536
test_1761,3192
test_1762,10623
test_1763,4138
test_1764,802
test_1765,1966
test_1766,1088
test_1767,1791
test_1768,14447
test_1769,4165
test_1770,9290
test_1771,2792
test_1772,4273
test_1773,2403
test_1774,2968
test_1775,1637
test_1776,12958
test_1777,972
test_1778,1997
test_1779,562
test_1780,571
test_1781,2319
test_1782,4879
test_1783,734
test_1784,5226
test_1785,8545
test_1786,804
test_1787,5031
test_1788,6250
test_1789,1877
test_1790,2287
test_1791,876
test_1792,1114
test_1793,453
test_1794,765
test_1795,1076
test_1796,626
test_1797,12576
test_1798,3388
test_1799,769
test_1800,1834
test_1801,829
test_1802,1625
test_1803,1009
test_1804,578
test_1805,11925
test_1806,4114
test_1807,1272
test_1808,648
test_1809,2981
test_1810,836
test_1811,5765
test_1812,755
test_1813,6025
test_1814,447
test_1815,4209
test_1816,2376
test_1817,6535
test_1818,661
test_1819,850
test_1820,846
test_1821,4348
test_1822,2512
test_1823,2473
test_1824,461
test_1825,2452
test_1826,707
test_1827,1993
test_1828,961
test_1829,1875
test_1830,7424
test_1831,3581
test_1832,9169
test_1833,689
test_1834,7513
test_1835,453
test_1836,1626
test_1837,2155
test_1838,6626
test_1839,672
test_1840,2346
test_1841,4829
test_1842,438
test_1843,6132
test_1844,445
test_1845,1377
test_1846,2652
test_1847,2085
test_1848,10454
test_1849,552
test_1850,631
test_1851,2312
test_1852,13196
test_1853,3992
test_1854,12822
test_1855,1752
test_1856,605
test_1857,761
test_1858,12319
test_1859,5235
test_1860,2370
test_1861,557
test_1862,1582
test_1863,605
test_1864,1431
test_1865,870
test_1866,2092
test_1867,7326
test_1868,8964
test_1869,4077
test_1870,1607
test_1871,3593
test_1872,4227
test_1873,5578
test_1874,1113
test_1875,2227
test_1876,426
test_1877,6653
test_1878,9090
test_1879,617
test_1880,3830
test_1881,1879
test_1882,4412
test_1883,552
test_1884,17975
test_1885,6272
test_1886,984
test_1887,16723
test_1888,11128
test_1889,2266
test_1890,373
test_1891,495
test_1892,1743
test_1893,702
test_1894,8370
test_1895,4204
test_1896,1353
test_1897,4129
test_1898,943
test_1899,10477
test_1900,2695
test_1901,5758
test_1902,4032
test_1903,7466
test_1904,645
test_1905,6236
test_1906,8995
test_1907,17193
test_1908,923
test_1909,4435
test_1910,3568
test_1911,1990
test_1912,3007
test_1913,4746
test_1914,537
test_1915,1395
test_1916,775
test_1917,17051
test_1918,1866
test_1919,7063
test_1920,6569
test_1921,17297
test_1922,1942
test_1923,530
test_1924,3068
test_1925,12622
test_1926,3330
test_1927,1014
test_1928,789
test_1929,5107
test_1930,4398
test_1931,10546
test_1932,872
test_1933,6999
test_1934,2100
test_1935,649
test_1936,6472
test_1937,492
test_1938,1046
test_1939,561
test_1940,8455
test_1941,2753
test_1942,1021
test_1943,2905
test_1944,526
test_1945,2877
test_1946,3616
test_1947,945
test_1948,15291
test_1949,1881
test_1950,5904
test_1951,18108
test_1952,1300
test_1953,537
test_1954,844
test_1955,2870
test_1956,1838
test_1957,10539
test_1958,9290
test_1959,1758
test_1960,8371
test_1961,2874
test_1962,2570
test_1963,18572
test_1964,4331
test_1965,15964
test_1966,5639
test_1967,814
test_1968,5817
test_1969,12321
test_1970,905
test_1971,489
test_1972,828
test_1973,2019
test_1974,11347
test_1975,5387
test_1976,6274
test_1977,1161
test_1978,1274
test_1979,544
test_1980,10878
test_1981,10028
test_1982,17162
test_1983,3669
test_1984,705
test_1985,521
test_1986,597
test_1987,800
test_1988,2093
test_1989,1227
test_1990,6543
test_1991,5973
test_1992,3307
test_1993,10333
test_1994,17909
test_1995,1020
test_1996,3205
test_1997,473
test_1998,1757
test_1999,628
test_2000,4704
test_2001,3734
test_2002,1332
test_2003,505
test_2004,14165
test_2005,487
test_2006,3089
test_2007,9799
test_2008,580
test_2009,5587
test_2010,766
test_2011,5792
test_2012,12900
test_2013,1445
test_2014,604
test_2015,730
test_2016,1839
test_2017,613
test_2018,1187
test_2019,1607
test_2020,7495
test_2021,432
test_2022,12617
test_2023,872
test_2024,4879
test_2025,9407
test_2026,7903
test_2027,834
test_2028,11640
test_2029,17149
test_2030,814
test_2031,1050
test_2032,4752
test_2033,1847
test_2034,4929
test_2035,1061
test_2036,885
test_2037,570
test_2038,471
test_2039,4375
test_2040,2503
test_2041,3936
test_2042,1686
test_2043,1269
test_2044,7911
test_2045,872
test_2046,672
test_2047,911
test_2048,827
test_2049,13219
test_2050,9820
test_2051,771
test_2052,3841
test_2053,2462
test_2054,4432
test_2055,776
test_2056,630
test_2057,568
test_2058,988
test_2059,4269
test_2060,11818
test_2061,1915
test_2062,5922
test_2063,1576
test_2064,1295
test_2065,16929
test_2066,832
test_2067,828
test_2068,589
test_2069,3923
test_2070,2749
test_2071,5760
test_2072,1002
test_2073,12081
test_2074,3335
test_2075,561
test_2076,2275
test_2077,4795
test_2078,544
test_2079,7693
test_2080,720
test_2081,11522
test_2082,603
test_2083,698
test_2084,979
test_2085,8069
test_2086,680
test_2087,13919
test_2088,11646
test_2089,2180
test_2090,14777
test_2091,631
test_2092,2066
test_2093,8316
test_2094,5302
test_2095,926
test_2096,3105
test_2097,4946
test_2098,13379
test_2099,876
test_2100,984
test_2101,951
test_2102,4940
test_2103,572
test_2104,7800
test_2105,684
test_2106,681
test_2107,816
test_2108,1390
test_2109,1838
test_2110,8062
test_2111,3254
test_2112,3191
test_2113,4697
test_2114,6499
test_2115,11838
test_2116,886
test_2117,1071
test_2118,6951
test_2119,565
test_2120,2138
test_2121,3470
test_2122,773
test_2123,9587
test_2124,1072
test_2125,9119
test_2126,5376
test_2127,4072
test_2128,1307
test_2129,15086
test_2130,778
test_2131,561
test_2132,1657
test_2133,5113
test_2134,4592
test_2135,3217
test_2136,9980
test_2137,3879
test_2138,13599
test_2139,3352
test_2140,1750
test_2141,2560
test_2142,729
test_2143,7532
test_2144,1080
test_2145,472
test_2146,10200
test_2147,4518
test_2148,3384
test_2149,3055
test_2150,744
test_2151,5068
test_2152,723
test_2153,1057
test_2154,5769
test_2155,567
test_2156,1442
test_2157,926
test_2158,1073
test_2159,984
test_2160,1636
test_2161,680
test_2162,4384
test_2163,2428
test_2164,631
test_2165,898
test_2166,1235
test_2167,4704
test_2168,2415
test_2169,2050
test_2170,2586
test_2171,4693
test_2172,2841
test_2173,3531
test_2174,4851
test_2175,810
test_2176,18625
test_2177,1932
test_2178,539
test_2179,7744
test_2180,2134
test_2181,799
test_2182,1033
test_2183,2770
test_2184,1225
test_2185,3892
test_2186,1787
test_2187,8287
test_2188,5866
test_2189,1604
test_2190,837
test_2191,5090
test_2192,8181
test_2193,944
test_2194,2673
test_2195,6006
test_2196,11522
test_2197,5497
test_2198,2210
test_2199,9012
test_2200,572
test_2201,1020
test_2202,14763
test_2203,5218
test_2204,2032
test_2205,1836
test_2206,576
test_2207,561
test_2208,12493
test_2209,13200
test_2210,1415
test_2211,798
test_2212,2913
test_2213,816
test_2214,1917
test_2215,722
test_2216,2438
test_2217,4901
test_2218,1426
test_2219,12989
test_2220,2409
test_2221,728
test_2222,17009
test_2223,1043
test_2224,434
test_2225,677
test_2226,2019
test_2227,1842
test_2228,11897
test_2229,13619
test_2230,5186
test_2231,2656
test_2232,13293
test_2233,5572
test_2234,3534
test_2235,12970
test_2236,2330
test_2237,5411
test_2238,5311
test_2239,4207
test_2240,3721
test_2241,18795
test_2242,844
test_2243,4150
test_2244,1007
test_2245,1715
test_2246,606
test_2247,10758
test_2248,7730
test_2249,1061
test_2250,2760
test_2251,1977
test_2252,14817
test_2253,2332
test_2254,720
test_2255,605
test_2256,842
test_2257,7114
test_2258,6854
test_2259,710
test_2260,687
test_2261,1313
test_2262,658
test_2263,7729
test_2264,4025
test_2265,6096
test_2266,5799
test_2267,592
test_2268,1833
test_2269,10455
test_2270,5596
test_2271,1115
test_2272,2760
test_2273,1109
test_2274,2333
test_2275,3774
test_2276,1154
test_2277,8243
test_2278,3276
test_2279,1998
test_2280,1007
test_2281,765
test_2282,4309
test_2283,2648
test_2284,579
test_2285,694
test_2286,882
test_2287,1033
test_2288,6909
test_2289,981
test_2290,2726
test_2291,984
test_2292,1736
test_2293,8001
test_2294,2807
test_2295,4368
test_2296,4665
test_2297,480
test_2298,14137
test_2299,12342
test_2300,10839
test_2301,812
test_2302,965
test_2303,11455
test_2304,9659
test_2305,567
test_2306,625
test_2307,6153
test_2308,373
test_2309,17334
test_2310,1727
test_2311,2530
test_2312,1689
test_2313,731
test_2314,11633
test_2315,6354
test_2316,1438
test_2317,6175
test_2318,917
test_2319,15658
test_2320,873
test_2321,827
test_2322,1754
test_2323,447
test_2324,4352
test_2325,12210
test_2326,485
test_2327,6871
test_2328,552
test_2329,9281
test_2330,17400
test_2331,6236
test_2332,1902
test_2333,9618
test_2334,6246
test_2335,15930
test_2336,953
test_2337,374
test_2338,1618
test_2339,2285
test_2340,7075
test_2341,548
test_2342,6309
test_2343,561
test_2344,4265
test_2345,1983
test_2346,2898
test_2347,17213
test_2348,3704
test_2349,9366
test_2350,6776
test_2351,5908
test_2352,5160
test_2353,4413
test_2354,672
test_2355,719
test_2356,1087
test_2357,2239
test_2358,11605
test_2359,752
test_2360,12500
test_2361,1160
test_2362,6113
test_2363,2083
test_2364,1075
test_2365,432
test_2366,5183
test_2367,422
test_2368,732
test_2369,1373
test_2370,8317
test_2371,1214
test_2372,770
test_2373,8525
test_2374,15152
test_2375,2657
test_2376,802
test_2377,3898
test_2378,2522
test_2379,17114
test_2380,844
test_2381,4224
test_2382,6730
test_2383,1010
test_2384,593
test_2385,993
test_2386,4852
test_2387,5088
test_2388,1154
test_2389,708
test_2390,8299
test_2391,570
test_2392,9714
test_2393,898
test_2394,5871
test_2395,6229
test_2396,680
test_2397,420
test_2398,810
test_2399,7127
test_2400,5078
test_2401,3901
test_2402,1316
test_2403,6112
test_2404,2063
test_2405,773
test_2406,816
test_2407,8359
test_2408,1601
test_2409,2867
test_2410,1095
test_2411,2889
test_2412,13786
test_2413,788
test_2414,1007
test_2415,6238
test_2416,12655
test_2417,1013
test_2418,3357
test_2419,15528
test_2420,1637
test_2421,10659
test_2422,2475
test_2423,6748
test_2424,544
test_2425,3897
test_2426,886
test_2427,717
test_2428,2362
test_2429,9521
test_2430,505
test_2431,1637
test_2432,1238
test_2433,552
test_2434,580
test_2435,2395
test_2436,2756
test_2437,2867
test_2438,521
test_2439,15393
test_2440,6929
test_2441,1882
test_2442,5252
test_2443,983
test_2444,4006
test_2445,5698
test_2446,3858
test_2447,2649
test_2448,584
test_2449,972
test_2450,5701
test_2451,776
test_2452,11062
test_2453,1786
test_2454,609
test_2455,1425
test_2456,776
test_2457,2724
test_2458,4199
test_2459,2587
test_2460,10692
test_2461,394
test_2462,1313
test_2463,540
test_2464,2427
test_2465,1035
test_2466,4989
test_2467,12985
test_2468,1758
test_2469,745
test_2470,5067
test_2471,943
test_2472,3566
test_2473,942
test_2474,4284
test_2475,1063
test_2476,9103
test_2477,4909
test_2478,958
test_2479,13994
test_2480,6473
test_2481,956
test_2482,1235
test_2483,1689
test_2484,4308
test_2485,18325
test_2486,12686
test_2487,1035
test_2488,732
test_2489,1389
test_2490,1334
test_2491,2308
test_2492,10333
test_2493,1076
test_2494,3154
test_2495,8889
test_2496,4584
test_2497,2896
test_2498,2390
test_2499,6169
test_2500,11019
test_2501,1718
test_2502,984
test_2503,2959
test_2504,2674
test_2505,743
test_2506,1364
test_2507,6891
test_2508,3018
test_2509,10995
test_2510,680
test_2511,891
test_2512,6439
test_2513,1320
test_2514,3838
test_2515,1415
test_2516,4159
test_2517,3158
test_2518,8223
test_2519,765
test_2520,419
test_2521,492
test_2522,2004
test_2523,1664
test_2524,1263
test_2525,7774
test_2526,710
test_2527,770
test_2528,641
test_2529,2184
test_2530,3256
test_2531,6885
test_2532,564
test_2533,1656
test_2534,4333
test_2535,1094
test_2536,580
test_2537,13887
test_2538,12968
test_2539,12078
test_2540,1061
test_2541,1289
test_2542,764
test_2543,3881
test_2544,8529
test_2545,706
test_2546,7848
test_2547,527
test_2548,992
test_2549,11247
test_2550,4312
test_2551,576
test_2552,1013
test_2553,633
test_2554,3899
test_2555,789
test_2556,790
test_2557,10927
test_2558,3618
test_2559,1249
test_2560,583
test_2561,4698
test_2562,1736
test_2563,7567
test_2564,3082
test_2565,6546
test_2566,3304
test_2567,9425
test_2568,4328
test_2569,4295
test_2570,969
test_2571,3370
test_2572,1984
test_2573,2682
test_2574,1628
test_2575,8647
test_2576,12225
test_2577,2273
test_2578,6213
test_2579,11666
test_2580,11764
test_2581,3819
test_2582,5967
test_2583,942
test_2584,529
test_2585,4284
test_2586,5006
test_2587,814
test_2588,1383
test_2589,666
test_2590,2717
test_2591,15073
test_2592,17156
test_2593,1315
test_2594,1993
test_2595,4916
test_2596,5169
test_2597,1181
test_2598,802
test_2599,5197
test_2600,707
test_2601,8783
test_2602,863
test_2603,682
test_2604,554
test_2605,10316
test_2606,752
test_2607,939
test_2608,2207
test_2609,961
test_2610,480
test_2611,589
test_2612,1317
test_2613,13400
test_2614,1929
test_2615,2165
test_2616,4304
test_2617,2028
test_2618,1135
test_2619,10805
test_2620,2178
test_2621,863
test_2622,3183
test_2623,16064
test_2624,1654
test_2625,11844
test_2626,2925
test_2627,529
test_2628,3129
test_2629,4604
test_2630,10286
test_2631,12617
test_2632,15312
test_2633,1580
test_2634,1846
test_2635,656
test_2636,10750
test_2637,666
test_2638,1026
test_2639,1909
test_2640,10011
test_2641,1272
test_2642,10787
test_2643,12883
test_2644,2362
test_2645,3566
test_2646,2301
test_2647,11988
test_2648,842
test_2649,9786
test_2650,1415
test_2651,3750
test_2652,602
test_2653,530
test_2654,683
test_2655,831
test_2656,5893
test_2657,4619
test_2658,7861
test_2659,803
test_2660,1122
test_2661,4189
test_2662,11637
test_2663,628
test_2664,660
test_2665,11511
test_2666,470
test_2667,9205
test_2668,14024
test_2669,1698
test_2670,1272
test_2671,5664
test_2672,16465
test_2673,8709
test_2674,2327
test_2675,2169
test_2676,5522
test_2677,693
test_2678,9729
test_2679,1659
test_2680,8505
test_2681,5600
test_2682,4340
test_2683,3763
test_2684,471
test_2685,3205
test_2686,648
test_2687,15303
test_2688,4619
test_2689,1439
test_2690,453
test_2691,4763
test_2692,3146
test_2693,2211
test_2694,1250
test_2695,18001
test_2696,439
test_2697,629
test_2698,1621
test_2699,1709
test_2700,2906
test_2701,1295
test_2702,1800
test_2703,1949
test_2704,2577
test_2705,2259
test_2706,9768
test_2707,638
test_2708,526
test_2709,574
test_2710,1345
test_2711,2723
test_2712,6486
test_2713,3179
test_2714,2428
test_2715,952
test_2716,1035
test_2717,1007
test_2718,868
test_2719,4973
test_2720,889
test_2721,1389
test_2722,446
test_2723,10744
test_2724,15092
test_2725,454
test_2726,1436
test_2727,609
test_2728,2814
test_2729,995
test_2730,17414
test_2731,1400
test_2732,1113
test_2733,1676
test_2734,1957
test_2735,7526
test_2736,5553
test_2737,2907
test_2738,593
test_2739,18480
test_2740,1141
test_2741,3548
test_2742,1228
test_2743,1007
test_2744,1726
test_2745,2549
test_2746,522
test_2747,12334
test_2748,3510
test_2749,821
test_2750,16390
test_2751,4855
test_2752,3507
test_2753,475
test_2754,795
test_2755,1186
test_2756,1133
test_2757,1572
test_2758,2917
test_2759,15164
test_2760,5280
test_2761,2729
test_2762,745
test_2763,914
test_2764,1306
test_2765,2347
test_2766,571
test_2767,3975
test_2768,526
test_2769,1129
test_2770,8489
test_2771,9317
test_2772,10761
test_2773,698
test_2774,4752
test_2775,5222
test_2776,4739
test_2777,698
test_2778,6028
test_2779,2107
test_2780,571
test_2781,4255
test_2782,6177
test_2783,2610
test_2784,1415
test_2785,2928
test_2786,626
test_2787,1063
test_2788,1995
test_2789,2386
test_2790,8313
test_2791,7888
test_2792,4060
test_2793,447
test_2794,13063
test_2795,6513
test_2796,1230
test_2797,8185
test_2798,13474
test_2799,849
test_2800,4318
test_2801,646
test_2802,1151
test_2803,2841
test_2804,743
test_2805,507
test_2806,1125
test_2807,5756
test_2808,1809
test_2809,1571
test_2810,1178
test_2811,830
test_2812,537
test_2813,596
test_2814,4476
test_2815,1746
test_2816,2192
test_2817,3209
test_2818,1720
test_2819,4840
test_2820,687
test_2821,684
test_2822,6947
test_2823,6468
test_2824,394
test_2825,2858
test_2826,3066
test_2827,4466
test_2828,1078
test_2829,844
test_2830,7836
test_2831,1079
test_2832,789
test_2833,1572
test_2834,6659
test_2835,505
test_2836,587
test_2837,1311
test_2838,679
test_2839,2782
test_2840,3599
test_2841,6115
test_2842,6212
test_2843,749
test_2844,2262
test_2845,14779
test_2846,839
test_2847,1141
test_2848,1157
test_2849,4724
test_2850,1651
test_2851,4509
test_2852,2428
test_2853,3012
test_2854,3462
test_2855,10023
test_2856,721
test_2857,6401
test_2858,2852
test_2859,684
test_2860,2839
test_2861,1107
test_2862,3950
test_2863,6194
test_2864,8858
test_2865,530
test_2866,526
test_2867,1598
test_2868,1656
test_2869,4743
test_2870,4437
test_2871,2213
test_2872,1073
test_2873,844
test_2874,1631
test_2875,8923
test_2876,6635
test_2877,3847
test_2878,6040
test_2879,981
test_2880,9278
test_2881,1196
test_2882,533
test_2883,1938
test_2884,13190
test_2885,810
test_2886,13532
test_2887,720
test_2888,2206
test_2889,2376
test_2890,561
test_2891,1656
test_2892,1032
test_2893,8157
test_2894,471
test_2895,1245
test_2896,698
test_2897,900
test_2898,3229
test_2899,596
test_2900,4514
test_2901,14860
test_2902,4621
test_2903,5063
test_2904,5807
test_2905,7173
test_2906,2656
test_2907,2367
test_2908,1280
test_2909,3965
test_2910,1028
test_2911,1263
test_2912,552
test_2913,764
test_2914,658
test_2915,579
test_2916,12565
test_2917,6638
test_2918,5027
test_2919,867
test_2920,788
test_2921,1617
test_2922,5322
test_2923,833
test_2924,1939
test_2925,3981
test_2926,612
test_2927,7357
test_2928,5259
test_2929,2303
test_2930,2658
test_2931,2095
test_2932,11804
test_2933,689
test_2934,1207
test_2935,10835
test_2936,7253
test_2937,1636
test_2938,907
test_2939,6640
test_2940,6659
test_2941,505
test_2942,571
test_2943,1097
test_2944,855
test_2945,8647
test_2946,4664
test_2947,422
test_2948,5504
test_2949,1657
test_2950,10574
test_2951,4132
test_2952,1013
test_2953,3323
test_2954,3550
test_2955,7964
test_2956,1063
test_2957,14282
test_2958,4892
test_2959,2761
test_2960,895
test_2961,4324
test_2962,1766
test_2963,11303
test_2964,2512
test_2965,1685
test_2966,3977
test_2967,1202
test_2968,914
test_2969,1438
test_2970,4025
test_2971,5082
test_2972,2010
test_2973,1184
test_2974,9316
test_2975,1151
test_2976,844
test_2977,8039
test_2978,1320
test_2979,709
test_2980,3992
test_2981,604
test_2982,3189
test_2983,3516
test_2984,2861
test_2985,447
test_2986,17760
test_2987,6154
test_2988,796
test_2989,18179
test_2990,13355
test_2991,10122
test_2992,932
test_2993,1020
test_2994,2351
test_2995,1015
test_2996,3895
test_2997,7472
test_2998,601
test_2999,3709
test_3000,2512
test_3001,1651
test_3002,471
test_3003,5489
test_3004,1436
test_3005,13445
test_3006,1196
test_3007,4270
test_3008,5645
test_3009,1130
test_3010,1024
test_3011,776
test_3012,540
test_3013,526
test_3014,2177
test_3015,682
test_3016,2298
test_3017,2573
test_3018,4218
test_3019,3849
test_3020,1044
test_3021,1662
test_3022,698
test_3023,648
test_3024,6956
test_3025,709
test_3026,2167
test_3027,394
test_3028,5055
test_3029,5975
test_3030,1412
test_3031,2850
test_3032,1157
test_3033,1814
test_3034,7797
test_3035,801
test_3036,2369
test_3037,14749
test_3038,491
test_3039,4191
test_3040,747
test_3041,5842
test_3042,3945
test_3043,1154
test_3044,4732
test_3045,367
test_3046,1356
test_3047,1437
test_3048,1664
test_3049,16776
test_3050,14229
test_3051,8856
test_3052,2129
test_3053,805
test_3054,730
test_3055,825
test_3056,844
test_3057,904
test_3058,967
test_3059,1064
test_3060,7389
test_3061,984
test_3062,1774
test_3063,3481
test_3064,1637
test_3065,2948
test_3066,5034
test_3067,956
test_3068,784
test_3069,3375
test_3070,2549
test_3071,1374
test_3072,7644
test_3073,1160
test_3074,3804
test_3075,1131
test_3076,3062
test_3077,4166
test_3078,4211
test_3079,2550
test_3080,1041
test_3081,4745
test_3082,2382
test_3083,854
test_3084,1781
test_3085,1000
test_3086,5683
test_3087,653
test_3088,490
test_3089,1214
test_3090,660
test_3091,2162
test_3092,2306
test_3093,4401
test_3094,10982
test_3095,593
test_3096,1008
test_3097,1116
test_3098,2581
test_3099,3413
test_3100,828
test_3101,969
test_3102,10098
test_3103,2947
test_3104,3084
test_3105,789
test_3106,2451
test_3107,8824
test_3108,868
test_3109,8079
test_3110,630
test_3111,11021
test_3112,446
test_3113,6062
test_3114,11757
test_3115,3963
test_3116,3004
test_3117,1422
test_3118,5383
test_3119,1076
test_3120,1705
test_3121,1257
test_3122,4919
test_3123,3580
test_3124,2792
test_3125,958
test_3126,486
test_3127,1405
test_3128,523
test_3129,506
test_3130,6090
test_3131,2694
test_3132,2498
test_3133,4202
test_3134,5262
test_3135,1781
test_3136,3168
test_3137,631
test_3138,805
test_3139,11913
test_3140,5640
test_3141,765
test_3142,1754
test_3143,12261
test_3144,1577
test_3145,1424
test_3146,2701
test_3147,612
test_3148,2723
test_3149,5759
test_3150,928
test_3151,804
test_3152,1179
test_3153,4620
test_3154,1235
test_3155,1080
test_3156,736
test_3157,13096
test_3158,956
test_3159,861
test_3160,803
test_3161,675
test_3162,3160
test_3163,5767
test_3164,1939
test_3165,1131
test_3166,7419
test_3167,11602
test_3168,810
test_3169,2659
test_3170,462
test_3171,2841
test_3172,9972
test_3173,726
test_3174,646
test_3175,3670
test_3176,1145
test_3177,1942
test_3178,5096
test_3179,11503
test_3180,2977
test_3181,13828
test_3182,4771
test_3183,1057
test_3184,421
test_3185,1014
test_3186,5821
test_3187,2148
test_3188,734
test_3189,3004
test_3190,809
test_3191,1121
test_3192,479
test_3193,3038
test_3194,8421
test_3195,863
test_3196,710
test_3197,10963
test_3198,6776
test_3199,2512
test_3200,2193
test_3201,5347
test_3202,3726
test_3203,5131
test_3204,1975
test_3205,1101
test_3206,828
test_3207,2021
test_3208,1783
test_3209,763
test_3210,14220
test_3211,7308
test_3212,3669
test_3213,3688
test_3214,826
test_3215,3808
test_3216,408
test_3217,707
test_3218,6831
test_3219,647
test_3220,2104
test_3221,3120
test_3222,3050
test_3223,4845
test_3224,4630
test_3225,1232
test_3226,6653
test_3227,666
test_3228,1286
test_3229,4189
test_3230,3591
test_3231,1207
test_3232,1129
test_3233,382
test_3234,1002
test_3235,1174
test_3236,6912
test_3237,1715
test_3238,872
test_3239,1822
test_3240,630
test_3241,7069
test_3242,3880
test_3243,5500
test_3244,4484
test_3245,4704
test_3246,13777
test_3247,2795
test_3248,492
test_3249,4158
test_3250,803
test_3251,5226
test_3252,7553
test_3253,1989
test_3254,2745
test_3255,591
test_3256,4709
test_3257,13109
test_3258,17759
test_3259,9432
test_3260,1074
test_3261,3704
test_3262,4830
test_3263,5000
test_3264,2745
test_3265,544
test_3266,2264
test_3267,2344
test_3268,4008
test_3269,1818
test_3270,1230
test_3271,2401
test_3272,1147
test_3273,665
test_3274,1592
test_3275,561
test_3276,12228
test_3277,654
test_3278,770
test_3279,2159
test_3280,1240
test_3281,579
test_3282,706
test_3283,1879
test_3284,2352
test_3285,2010
test_3286,6738
test_3287,2134
test_3288,8800
test_3289,669
test_3290,2096
test_3291,1971
test_3292,942
test_3293,2307
test_3294,552
test_3295,4631
test_3296,694
test_3297,1013
test_3298,2940
test_3299,15792
test_3300,1067
test_3301,1154
test_3302,693
test_3303,3251
test_3304,3351
test_3305,675
test_3306,2088
test_3307,1013
test_3308,2703
test_3309,874
test_3310,1167
test_3311,1795
test_3312,612
test_3313,2387
test_3314,709
test_3315,956
test_3316,1764
test_3317,2231
test_3318,5586
test_3319,2886
test_3320,728
test_3321,9900
test_3322,828
test_3323,4412
test_3324,619
test_3325,743
test_3326,810
test_3327,612
test_3328,2802
test_3329,3185
test_3330,4785
test_3331,732
test_3332,4668
test_3333,767
test_3334,5804
test_3335,2145
test_3336,4182
test_3337,7632
test_3338,11595
test_3339,792
test_3340,6710
test_3341,788
test_3342,18236
test_3343,933
test_3344,2515
test_3345,5967
test_3346,1932
test_3347,3399
test_3348,4239
test_3349,5604
test_3350,722
test_3351,698
test_3352,587
test_3353,4209
test_3354,480
test_3355,934
test_3356,3327
test_3357,8004
test_3358,1092
test_3359,4425
test_3360,4339
test_3361,680
test_3362,2683
test_3363,5335
test_3364,2421
test_3365,1580
test_3366,15014
test_3367,1205
test_3368,13109
test_3369,4520
test_3370,912
test_3371,730
test_3372,8736
test_3373,1708
test_3374,14028
test_3375,9424
test_3376,698
test_3377,7708
test_3378,1286
test_3379,1306
test_3380,1129
test_3381,605
test_3382,891
test_3383,608
test_3384,1016
test_3385,3251
test_3386,1704
test_3387,1096
test_3388,4829
test_3389,2175
test_3390,599
test_3391,2297
test_3392,702
test_3393,1884
test_3394,530
test_3395,710
test_3396,1415
test_3397,936
test_3398,11165
test_3399,5700
test_3400,524
test_3401,4303
test_3402,583
test_3403,878
test_3404,599
test_3405,1801
test_3406,1745
test_3407,7583
test_3408,3689
test_3409,4419
test_3410,2206
test_3411,2567
test_3412,8457
test_3413,6889
test_3414,720
test_3415,4845
test_3416,625
test_3417,8095
test_3418,1837
test_3419,485
test_3420,12843
test_3421,438
test_3422,4989
test_3423,485
test_3424,5543
test_3425,1794
test_3426,5266
test_3427,1793
test_3428,1825
test_3429,1163
test_3430,603
test_3431,3754
test_3432,2838
test_3433,737
test_3434,5484
test_3435,6492
test_3436,446
test_3437,1354
test_3438,2792
test_3439,5785
test_3440,4468
test_3441,5712
test_3442,4984
test_3443,4054
test_3444,809
test_3445,7000
test_3446,5480
test_3447,838
test_3448,473
test_3449,2180
test_3450,2524
test_3451,6137
test_3452,1767
test_3453,12618
test_3454,589
test_3455,17600
test_3456,1019
test_3457,952
test_3458,669
test_3459,4284
test_3460,1658
test_3461,13686
test_3462,6546
test_3463,8431
test_3464,554
test_3465,972
test_3466,1786
test_3467,636
test_3468,1668
test_3469,454
test_3470,1669
test_3471,523
test_3472,2239
test_3473,1018
test_3474,1601
test_3475,765
test_3476,4066
test_3477,1884
test_3478,759
test_3479,6818
test_3480,9700
test_3481,765
test_3482,4355
test_3483,8624
test_3484,5412
test_3485,1901
test_3486,4044
test_3487,1396
test_3488,1646
test_3489,830
test_3490,2280
test_3491,675
test_3492,5768
test_3493,1278
test_3494,876
test_3495,855
test_3496,5858
test_3497,4022
test_3498,1961
test_3499,1680
test_3500,14611
test_3501,526
test_3502,4532
test_3503,2976
test_3504,3018
test_3505,16239
test_3506,2345
test_3507,6847
test_3508,1016
test_3509,5192
test_3510,15977
test_3511,6944
test_3512,3104
test_3513,5368
test_3514,3901
test_3515,8454
test_3516,638
test_3517,605
test_3518,6355
test_3519,723
test_3520,6563
test_3521,1974
test_3522,16582
test_3523,1260
test_3524,18431
test_3525,952
test_3526,1077
test_3527,393
test_3528,3992
test_3529,945
test_3530,704
test_3531,4498
test_3532,2416
test_3533,9828
test_3534,2197
test_3535,13298
test_3536,1874
test_3537,3402
test_3538,12639
test_3539,9450
test_3540,1295
test_3541,2358
test_3542,1613
test_3543,2441
test_3544,17472
test_3545,2026
test_3546,3398
test_3547,15990
test_3548,523
test_3549,736
test_3550,3191
test_3551,1219
test_3552,702
test_3553,1665
test_3554,2485
test_3555,434
test_3556,3471
test_3557,3365
test_3558,4448
test_3559,9043
test_3560,711
test_3561,3394
test_3562,462
test_3563,4939
test_3564,1208
test_3565,773
test_3566,6985
test_3567,982
test_3568,628
test_3569,1902
test_3570,12839
test_3571,523
test_3572,9372
test_3573,5398
test_3574,5001
test_3575,2112
test_3576,682
test_3577,5899
test_3578,5172
test_3579,5249
test_3580,1816
test_3581,6017
test_3582,1591
test_3583,14084
test_3584,9656
test_3585,1307
test_3586,7375
test_3587,6027
test_3588,5268
test_3589,1069
test_3590,562
test_3591,2096
test_3592,5069
test_3593,1356
test_3594,8830
test_3595,491
test_3596,5395
test_3597,461
test_3598,7192
test_3599,8742
test_3600,1712
test_3601,589
test_3602,2803
test_3603,1786
test_3604,10696
test_3605,3176
test_3606,2002
test_3607,2441
test_3608,5006
test_3609,942
test_3610,1041
test_3611,7272
test_3612,14119
test_3613,3558
test_3614,13949
test_3615,1015
test_3616,6180
test_3617,6607
test_3618,2789
test_3619,5499
test_3620,743
test_3621,5111
test_3622,827
test_3623,5812
test_3624,4812
test_3625,463
test_3626,878
test_3627,1848
test_3628,561
test_3629,4199
test_3630,3192
test_3631,1984
test_3632,734
test_3633,1941
test_3634,786
test_3635,4201
test_3636,11195
test_3637,545
test_3638,586
test_3639,601
test_3640,12765
test_3641,655
test_3642,746
test_3643,8576
test_3644,600
test_3645,15797
test_3646,1152
test_3647,7632
test_3648,870
test_3649,765
test_3650,4416
test_3651,2688
test_3652,5280
test_3653,2028
test_3654,3420
test_3655,3015
test_3656,707
test_3657,8391
test_3658,966
test_3659,967
test_3660,707
test_3661,4155
test_3662,4199
test_3663,5699
test_3664,1245
test_3665,3423
test_3666,684
test_3667,5648
test_3668,741
test_3669,2756
test_3670,883
test_3671,2211
test_3672,1690
test_3673,520
test_3674,1996
test_3675,3669
test_3676,920
test_3677,6618
test_3678,4697
test_3679,5373
test_3680,1989
test_3681,3786
test_3682,4705
test_3683,10633
test_3684,4935
test_3685,675
test_3686,622
test_3687,2304
test_3688,744
test_3689,552
test_3690,945
test_3691,15528
test_3692,4136
test_3693,2351
test_3694,544
test_3695,2897
test_3696,17924
test_3697,6177
test_3698,523
test_3699,5285
test_3700,11227
test_3701,12779
test_3702,8962
test_3703,1021
test_3704,687
test_3705,833
test_3706,4666
test_3707,1963
test_3708,1223
test_3709,18127
test_3710,12596
test_3711,6449
test_3712,1599
test_3713,3502
test_3714,3195
test_3715,4443
test_3716,1060
test_3717,7955
test_3718,1067
test_3719,1436
test_3720,9625
test_3721,9935
test_3722,3310
test_3723,852
test_3724,871
test_3725,3087
test_3726,4830
test_3727,1439
test_3728,779
test_3729,579
test_3730,2993
test_3731,2726
test_3732,4755
test_3733,10736
test_3734,9155
test_3735,967
test_3736,10497
test_3737,4801
test_3738,1346
test_3739,1444
test_3740,11061
test_3741,16931
test_3742,4517
test_3743,7999
test_3744,5167
test_3745,2224
test_3746,3276
test_3747,914
test_3748,1715
test_3749,3639
test_3750,3114
test_3751,6925
test_3752,544
test_3753,16148
test_3754,5927
test_3755,3560
test_3756,9909
test_3757,6069
test_3758,3663
test_3759,3417
test_3760,11248
test_3761,8669
test_3762,1844
test_3763,805
test_3764,900
test_3765,15913
test_3766,596
test_3767,2016
test_3768,2298
test_3769,1356
test_3770,700
test_3771,767
test_3772,407
test_3773,11351
test_3774,7255
test_3775,10478
test_3776,2550
test_3777,2580
test_3778,904
test_3779,2801
test_3780,536
test_3781,8190
test_3782,6511
test_3783,3146
test_3784,4072
test_3785,1858
test_3786,15993
test_3787,5976
test_3788,1238
test_3789,8716
test_3790,10589
test_3791,746
test_3792,2375
test_3793,2199
test_3794,1363
test_3795,678
test_3796,3827
test_3797,5078
test_3798,367
test_3799,2192
test_3800,5408
test_3801,6062
test_3802,4704
test_3803,2401
test_3804,5006
test_3805,5096
test_3806,4163
test_3807,1920
test_3808,7611
test_3809,7666
test_3810,14586
test_3811,6180
test_3812,573
test_3813,1041
test_3814,855
test_3815,12700
test_3816,854
test_3817,6944
test_3818,3582
test_3819,400
test_3820,984
test_3821,18526
test_3822,1181
test_3823,7459
test_3824,2777
test_3825,3107
test_3826,1427
test_3827,15046
test_3828,2641
test_3829,3091
test_3830,1758
test_3831,4959
test_3832,4325
test_3833,9850
test_3834,4241
test_3835,3282
test_3836,18120
test_3837,16807
test_3838,886
test_3839,721
test_3840,436
test_3841,3371
test_3842,1719
test_3843,2294
test_3844,570
test_3845,5249
test_3846,8073
test_3847,18318
test_3848,15907
test_3849,4688
test_3850,664
test_3851,1020
test_3852,3168
test_3853,1203
test_3854,2679
test_3855,1423
test_3856,2959
test_3857,1402
test_3858,7001
test_3859,2622
test_3860,1292
test_3861,631
test_3862,4200
test_3863,664
test_3864,8408
test_3865,5400
test_3866,6539
test_3867,8408
test_3868,3394
test_3869,776
test_3870,1080
test_3871,3856
test_3872,927
test_3873,10512
test_3874,3500
test_3875,8347
test_3876,1163
test_3877,1076
test_3878,394
test_3879,774
test_3880,10341
test_3881,1601
test_3882,3801
test_3883,10483
test_3884,4446
test_3885,6289
test_3886,643
test_3887,630
test_3888,789
test_3889,3640
test_3890,7592
test_3891,475
test_3892,15240
test_3893,4689
test_3894,4725
test_3895,4629
test_3896,587
test_3897,501
test_3898,1385
test_3899,5473
test_3900,5510
test_3901,5543
test_3902,11795
test_3903,3360
test_3904,828
test_3905,9408
test_3906,605
test_3907,579
test_3908,10812
test_3909,3730
test_3910,1132
test_3911,2347
test_3912,3503
test_3913,554
test_3914,10283
test_3915,15823
test_3916,4838
test_3917,1914
test_3918,604
test_3919,642
test_3920,450
test_3921,473
test_3922,1133
test_3923,6779
test_3924,2822
test_3925,4434
test_3926,776
test_3927,8419
test_3928,3501
test_3929,394
test_3930,5476
test_3931,7775
test_3932,483
test_3933,3056
test_3934,645
test_3935,2387
test_3936,5628
test_3937,776
test_3938,1340
test_3939,7405
test_3940,4559
test_3941,489
test_3942,15287
test_3943,1208
test_3944,710
test_3945,12392
test_3946,864
test_3947,2964
test_3948,8736
test_3949,2443
test_3950,523
test_3951,1694
test_3952,11765
test_3953,10180
test_3954,628
test_3955,758
test_3956,5666
test_3957,2333
test_3958,450
test_3959,2214
test_3960,1351
test_3961,530
test_3962,505
test_3963,1451
test_3964,8771
test_3965,1153
test_3966,505
test_3967,3145
test_3968,814
test_3969,4912
test_3970,4001
test_3971,2990
test_3972,878
test_3973,5769
test_3974,515
test_3975,878
test_3976,2790
test_3977,1892
test_3978,6607
test_3979,693
test_3980,5983
test_3981,2423
test_3982,1622
test_3983,14242
test_3984,10463
test_3985,9885
test_3986,4173
test_3987,3803
test_3988,5914
test_3989,10291
test_3990,1662
test_3991,719
test_3992,667
test_3993,1786
test_3994,739
test_3995,12386
test_3996,1821
test_3997,4277
test_3998,7231
test_3999,13182
test_4000,2302
test_4001,2205
test_4002,15030
test_4003,1990
test_4004,3668
test_4005,985
test_4006,1207
test_4007,4507
test_4008,2184
test_4009,3057
test_4010,4242
test_4011,1597
test_4012,1694
test_4013,4827
test_4014,15710
test_4015,16587
test_4016,1046
test_4017,480
test_4018,5656
test_4019,4378
test_4020,4413
test_4021,2515
test_4022,5914
test_4023,1283
test_4024,10851
test_4025,5071
test_4026,1550
test_4027,13530
test_4028,7924
test_4029,447
test_4030,5757
test_4031,1031
test_4032,2207
test_4033,862
test_4034,12937
test_4035,688
test_4036,702
test_4037,945
test_4038,3961
test_4039,7728
test_4040,3975
test_4041,878
test_4042,606
test_4043,2083
test_4044,3669
test_4045,16582
test_4046,515
test_4047,1013
test_4048,5144
test_4049,2070
test_4050,805
test_4051,7182
test_4052,545
test_4053,11794
test_4054,8365
test_4055,478
test_4056,969
test_4057,799
test_4058,737
test_4059,4630
test_4060,15065
test_4061,9659
test_4062,1613
test_4063,15730
test_4064,1760
test_4065,1865
test_4066,1237
test_4067,979
test_4068,3299
test_4069,1041
test_4070,746
test_4071,470
test_4072,1419
test_4073,12829
test_4074,6630
test_4075,2485
test_4076,982
test_4077,630
test_4078,4429
test_4079,1669
test_4080,449
test_4081,3710
test_4082,4004
test_4083,5747
test_4084,925
test_4085,841
test_4086,5412
test_4087,1771
test_4088,15265
test_4089,18507
test_4090,3373
test_4091,1443
test_4092,712
test_4093,684
test_4094,1050
test_4095,2063
test_4096,485
test_4097,10920
test_4098,878
test_4099,4642
test_4100,4704
test_4101,1781
test_4102,956
test_4103,827
test_4104,3508
test_4105,4214
test_4106,3920
test_4107,2397
test_4108,8058
test_4109,3669
test_4110,6335
test_4111,1048
test_4112,1073
test_4113,9513
test_4114,1981
test_4115,7493
test_4116,758
test_4117,863
test_4118,1424
test_4119,3696
test_4120,12409
test_4121,5758
test_4122,1939
test_4123,1046
test_4124,552
test_4125,853
test_4126,1815
test_4127,4078
test_4128,648
test_4129,1274
test_4130,766
test_4131,4864
test_4132,5443
test_4133,18791
test_4134,580
test_4135,776
test_4136,7619
test_4137,1280
test_4138,6453
test_4139,10221
test_4140,1698
test_4141,5152
test_4142,505
test_4143,13367
test_4144,1046
test_4145,13092
test_4146,10487
test_4147,5885
test_4148,18515
test_4149,7893
test_4150,12000
test_4151,2360
test_4152,15404
test_4153,11089
test_4154,12978
test_4155,766
test_4156,7680
test_4157,3952
test_4158,8558
test_4159,14715
test_4160,4103
test_4161,4138
test_4162,2599
test_4163,419
test_4164,1199
test_4165,10478
test_4166,888
test_4167,2386
test_4168,15488
test_4169,3611
test_4170,17231
test_4171,800
test_4172,4001
test_4173,702
test_4174,561
test_4175,11667
test_4176,15877
test_4177,4766
test_4178,4398
test_4179,694
test_4180,716
test_4181,2576
test_4182,2171
test_4183,623
test_4184,11948
test_4185,8643
test_4186,550
test_4187,1453
test_4188,1814
test_4189,8728
test_4190,2451
test_4191,6706
test_4192,4666
test_4193,6124
test_4194,666
test_4195,724
test_4196,2370
test_4197,709
test_4198,850
test_4199,742
test_4200,17153
test_4201,2070
test_4202,3990
test_4203,18242
test_4204,2400
test_4205,17172
test_4206,596
test_4207,1571
test_4208,830
test_4209,4375
test_4210,672
test_4211,608
test_4212,2302
test_4213,935
test_4214,3144
test_4215,1061
test_4216,906
test_4217,14915
test_4218,5187
test_4219,463
test_4220,878
test_4221,8714
test_4222,1235
test_4223,5376
test_4224,936
test_4225,6377
test_4226,544
test_4227,645
test_4228,2766
test_4229,2094
test_4230,2657
test_4231,670
test_4232,3754
test_4233,436
test_4234,2681
test_4235,421
test_4236,2064
test_4237,614
test_4238,3415
test_4239,3300
test_4240,3690
test_4241,2430
test_4242,4484
test_4243,1076
test_4244,1064
test_4245,538
test_4246,15426
test_4247,8515
test_4248,980
test_4249,2946
test_4250,1659
test_4251,3328
test_4252,8138
test_4253,844
test_4254,6145
test_4255,4642
test_4256,5176
test_4257,1129
test_4258,5624
test_4259,1890
test_4260,5393
test_4261,734
test_4262,2275
test_4263,2375
test_4264,3463
test_4265,956
test_4266,3745
test_4267,6486
test_4268,838
test_4269,769
test_4270,2644
test_4271,8279
test_4272,3085
test_4273,7415
test_4274,5518
test_4275,1172
test_4276,7010
test_4277,1944
test_4278,17805
test_4279,6261
test_4280,3819
test_4281,2936
test_4282,2691
test_4283,995
test_4284,1948
test_4285,1038
test_4286,4016
test_4287,1045
test_4288,568
test_4289,658
test_4290,10282
test_4291,2949
test_4292,1079
test_4293,4234
test_4294,8334
test_4295,739
test_4296,3119
test_4297,1105
test_4298,2636
test_4299,1631
test_4300,12554
test_4301,983
test_4302,6290
test_4303,844
test_4304,877
test_4305,4232
test_4306,3797
test_4307,2311
test_4308,975
test_4309,10055
test_4310,885
test_4311,612
test_4312,8377
test_4313,957
test_4314,3457
test_4315,4118
test_4316,14017
test_4317,776
test_4318,4327
test_4319,9140
test_4320,4190
test_4321,9234
test_4322,351
test_4323,1631
test_4324,1904
test_4325,4912
test_4326,12154
test_4327,767
test_4328,1113
test_4329,628
test_4330,6134
test_4331,1581
test_4332,1778
test_4333,9979
test_4334,3285
test_4335,4440
test_4336,1828
test_4337,645
test_4338,2573
test_4339,758
test_4340,445
test_4341,992
test_4342,4309
test_4343,776
test_4344,8645
test_4345,1013
test_4346,1124
test_4347,1637
test_4348,2165
test_4349,5932
test_4350,4005
test_4351,435
test_4352,18059
test_4353,10032
test_4354,2834
test_4355,4281
test_4356,440
test_4357,17887
test_4358,1298
test_4359,5450
test_4360,4989
test_4361,561
test_4362,2682
test_4363,3734
test_4364,6819
test_4365,4921
test_4366,365
test_4367,4955
test_4368,789
test_4369,900
test_4370,918
test_4371,1917
test_4372,3275
test_4373,2652
test_4374,558
test_4375,10080
test_4376,1125
test_4377,918
test_4378,1781
test_4379,5569
test_4380,3799
test_4381,5099
test_4382,10330
test_4383,921
test_4384,3795
test_4385,625
test_4386,4021
test_4387,1043
test_4388,1358
test_4389,5028
test_4390,899
test_4391,5995
test_4392,16545
test_4393,14620
test_4394,10450
test_4395,1134
test_4396,1754
test_4397,449
test_4398,2215
test_4399,3847
test_4400,3079
test_4401,3036
test_4402,5292
test_4403,1140
test_4404,5546
test_4405,789
test_4406,2809
test_4407,6561
test_4408,1879
test_4409,11389
test_4410,5347
test_4411,576
test_4412,1138
test_4413,11711
test_4414,720
test_4415,2008
test_4416,1438
test_4417,1664
test_4418,428
test_4419,3447
test_4420,5023
test_4421,8924
test_4422,3283
test_4423,11040
test_4424,2981
test_4425,9037
test_4426,723
test_4427,5292
test_4428,942
test_4429,3763
test_4430,3505
test_4431,921
test_4432,2157
test_4433,2172
test_4434,7520
test_4435,911
test_4436,837
test_4437,3615
test_4438,4669
test_4439,842
test_4440,7744
test_4441,449
test_4442,605
test_4443,7504
test_4444,2337
test_4445,2948
test_4446,3811
test_4447,957
test_4448,1748
test_4449,665
test_4450,1786
test_4451,7143
test_4452,683
test_4453,886
test_4454,740
test_4455,3689
test_4456,838
test_4457,3528
test_4458,1079
test_4459,1018
test_4460,710
test_4461,961
test_4462,3605
test_4463,2858
test_4464,613
test_4465,1008
test_4466,2426
test_4467,6512
test_4468,13428
test_4469,1924
test_4470,3998
test_4471,16969
test_4472,4685
test_4473,2421
test_4474,1214
test_4475,956
test_4476,4559
test_4477,4682
test_4478,7633
test_4479,1300
test_4480,675
test_4481,5771
test_4482,2293
test_4483,2562
test_4484,2508
test_4485,6512
test_4486,7328
test_4487,776
test_4488,1308
test_4489,16253
test_4490,2029
test_4491,1114
test_4492,5125
test_4493,5610
test_4494,8014
test_4495,2375
test_4496,2869
test_4497,3508
test_4498,2376
test_4499,4969
test_4500,5344
test_4501,2371
test_4502,1294
test_4503,1110
test_4504,1257
test_4505,1056
test_4506,5525
test_4507,707
test_4508,1084
test_4509,17049
test_4510,1746
test_4511,658
test_4512,5722
test_4513,2340
test_4514,8858
test_4515,2575
test_4516,1838
test_4517,5455
test_4518,852
test_4519,3407
test_4520,1573
test_4521,3839
test_4522,957
test_4523,962
test_4524,4707
test_4525,1919
test_4526,2864
test_4527,12082
test_4528,6776
test_4529,2056
test_4530,7094
test_4531,791
test_4532,6096
test_4533,5784
test_4534,2452
test_4535,2462
test_4536,2682
test_4537,14199
test_4538,7086
test_4539,2771
test_4540,2947
test_4541,1690
test_4542,6268
test_4543,2313
test_4544,2248
test_4545,1631
test_4546,534
test_4547,1668
test_4548,776
test_4549,695
test_4550,5394
test_4551,755
test_4552,14534
test_4553,854
test_4554,713
test_4555,7550
test_4556,14476
test_4557,1577
test_4558,373
test_4559,9292
test_4560,660
test_4561,854
test_4562,4373
test_4563,826
test_4564,601
test_4565,5828
test_4566,2071
test_4567,4386
test_4568,10424
test_4569,891
test_4570,576
test_4571,1994
test_4572,596
test_4573,3159
test_4574,4056
test_4575,648
test_4576,4927
test_4577,2719
test_4578,3258
test_4579,692
test_4580,1240
test_4581,5975
test_4582,766
test_4583,707
test_4584,3692
test_4585,18532
test_4586,5908
test_4587,565
test_4588,7885
test_4589,1274
test_4590,1257
test_4591,4101
test_4592,626
test_4593,1266
test_4594,5940
test_4595,4250
test_4596,1746
test_4597,326
test_4598,1577
test_4599,3119
test_4600,4304
test_4601,4729
test_4602,2236
test_4603,422
test_4604,6424
test_4605,4498
test_4606,3145
test_4607,1079
test_4608,475
test_4609,926
test_4610,1048
test_4611,3888
test_4612,503
test_4613,15072
test_4614,590
test_4615,14429
test_4616,789
test_4617,505
test_4618,5750
test_4619,4812
test_4620,1546
test_4621,4308
test_4622,1691
test_4623,7721
test_4624,4930
test_4625,854
test_4626,15864
test_4627,1436
test_4628,864
test_4629,6686
test_4630,6398
test_4631,8133
test_4632,6608
test_4633,16826
test_4634,566
test_4635,1624
test_4636,1432
test_4637,1207
test_4638,945
test_4639,658
test_4640,457
test_4641,3619
test_4642,395
test_4643,12095
test_4644,4309
test_4645,17408
test_4646,8442
test_4647,6109
test_4648,2211
test_4649,1651
test_4650,743
test_4651,1024
test_4652,11540
test_4653,579
test_4654,1089
test_4655,1265
test_4656,12308
test_4657,827
test_4658,1950
test_4659,2398
test_4660,10761
test_4661,687
test_4662,1367
test_4663,3748
test_4664,10518
test_4665,492
test_4666,2591
test_4667,648
test_4668,568
test_4669,742
test_4670,2493
test_4671,1719
test_4672,4737
test_4673,1744
test_4674,1378
test_4675,2423
test_4676,918
test_4677,7365
test_4678,626
test_4679,579
test_4680,2344
test_4681,7817
test_4682,8572
test_4683,5963
test_4684,1170
test_4685,2258
test_4686,6290
test_4687,709
test_4688,4304
test_4689,6937
test_4690,6892
test_4691,14479
test_4692,9252
test_4693,13622
test_4694,2058
test_4695,1656
test_4696,2484
test_4697,1636
test_4698,8868
test_4699,12798
test_4700,1815
test_4701,552
test_4702,1737
test_4703,1039
test_4704,3597
test_4705,9465
test_4706,2872
test_4707,684
test_4708,703
test_4709,1079
test_4710,537
test_4711,1565
test_4712,7056
test_4713,16703
test_4714,5469
test_4715,12423
test_4716,4312
test_4717,3468
test_4718,2287
test_4719,4280
test_4720,798
test_4721,790
test_4722,1431
test_4723,1397
test_4724,544
test_4725,4864
test_4726,2671
test_4727,2029
test_4728,5779
test_4729,720
test_4730,4694
test_4731,3323
test_4732,899
test_4733,18207
test_4734,707
test_4735,979
test_4736,9333
test_4737,666
test_4738,1802
test_4739,9041
test_4740,7477
test_4741,2155
test_4742,12642
test_4743,1052
test_4744,891
test_4745,1112
test_4746,3141
test_4747,791
test_4748,985
test_4749,4233
test_4750,814
test_4751,681
test_4752,6366
test_4753,4255
test_4754,2444
test_4755,1953
test_4756,2823
test_4757,1141
test_4758,3861
test_4759,12644
test_4760,489
test_4761,2196
test_4762,760
test_4763,2211
test_4764,14323
test_4765,877
test_4766,775
test_4767,742
test_4768,828
test_4769,2129
test_4770,7429
test_4771,4089
test_4772,3780
test_4773,491
test_4774,4807
test_4775,1198
test_4776,537
test_4777,1150
test_4778,844
test_4779,2399
test_4780,792
test_4781,1608
test_4782,1214
test_4783,678
test_4784,3610
test_4785,450
test_4786,2196
test_4787,4144
test_4788,1722
test_4789,6765
test_4790,1807
test_4791,638
test_4792,707
test_4793,3045
test_4794,1115
test_4795,6055
test_4796,429
test_4797,7288
test_4798,1080
test_4799,1422
test_4800,4284
test_4801,12842
test_4802,1996
test_4803,2396
test_4804,552
test_4805,1824
test_4806,7723
test_4807,5651
test_4808,10064
test_4809,8020
test_4810,678
test_4811,3391
test_4812,1847
test_4813,6855
test_4814,923
test_4815,1292
test_4816,904
test_4817,943
test_4818,732
test_4819,789
test_4820,876
test_4821,892
test_4822,15851
test_4823,7072
test_4824,1933
test_4825,12787
test_4826,421
test_4827,1250
test_4828,1402
test_4829,829
test_4830,3180
test_4831,4372
test_4832,1743
test_4833,5443
test_4834,1120
test_4835,13140
test_4836,802
test_4837,561
test_4838,5773
test_4839,912
test_4840,6407
test_4841,3414
test_4842,15147
test_4843,13112
test_4844,14429
test_4845,8452
test_4846,421
test_4847,5749
test_4848,1915
test_4849,1160
test_4850,4624
test_4851,1577
test_4852,4641
test_4853,11579
test_4854,6121
test_4855,781
test_4856,5233
test_4857,1914
test_4858,3080
test_4859,723
test_4860,597
test_4861,7727
test_4862,14065
test_4863,5729
test_4864,6302
test_4865,1381
test_4866,4964
test_4867,768
test_4868,4749
test_4869,4906
test_4870,1760
test_4871,596
test_4872,4034
test_4873,9632
test_4874,627
test_4875,8736
test_4876,4921
test_4877,8075
test_4878,16687
test_4879,489
test_4880,4042
test_4881,627
test_4882,5412
test_4883,508
test_4884,11147
test_4885,1239
test_4886,3797
test_4887,871
test_4888,1221
test_4889,863
test_4890,2190
test_4891,6702
test_4892,3311
test_4893,2300
test_4894,586
test_4895,5421
test_4896,6785
test_4897,541
test_4898,3798
test_4899,687
test_4900,4560
test_4901,686
test_4902,1792
test_4903,537
test_4904,4861
test_4905,432
test_4906,885
test_4907,7922
test_4908,1721
test_4909,814
test_4910,2438
test_4911,435
test_4912,589
test_4913,8190
test_4914,1016
test_4915,4068
test_4916,3742
test_4917,612
test_4918,995
test_4919,640
test_4920,1656
test_4921,1268
test_4922,2313
test_4923,827
test_4924,12968
test_4925,1066
test_4926,9556
test_4927,1066
test_4928,9037
test_4929,4081
test_4930,7708
test_4931,512
test_4932,4521
test_4933,3394
test_4934,626
test_4935,3798
test_4936,6025
test_4937,463
test_4938,7098
test_4939,648
test_4940,3918
test_4941,3604
test_4942,1273
test_4943,6181
test_4944,1935
test_4945,638
test_4946,17136
test_4947,984
test_4948,2745
test_4949,377
test_4950,2565
test_4951,4827
test_4952,936
test_4953,3161
test_4954,1583
test_4955,17265
test_4956,866
test_4957,2282
test_4958,1035
test_4959,600
test_4960,11560
test_4961,554
test_4962,6837
test_4963,2171
test_4964,7084
test_4965,755
test_4966,4860
test_4967,544
test_4968,1830
test_4969,1819
test_4970,1094
test_4971,612
test_4972,5055
test_4973,1024
test_4974,10104
test_4975,2232
test_4976,3411
test_4977,707
test_4978,990
test_4979,17209
test_4980,1038
test_4981,706
test_4982,762
test_4983,18062
test_4984,698
test_4985,2845
test_4986,17460
test_4987,10681
test_4988,472
test_4989,4796
test_4990,1643
test_4991,4565
test_4992,2561
test_4993,834
test_4994,17203
test_4995,724
test_4996,6450
test_4997,7631
test_4998,3443
test_4999,1257
test_5000,4554
test_5001,698
test_5002,12646
test_5003,628
test_5004,2507
test_5005,5376
test_5006,4854
test_5007,698
test_5008,1080
test_5009,9548
test_5010,3516
test_5011,7388
test_5012,1675
test_5013,774
test_5014,743
test_5015,657
test_5016,2030
test_5017,2346
test_5018,16280
test_5019,544
test_5020,14698
test_5021,566
test_5022,6646
test_5023,5645
test_5024,1299
test_5025,906
test_5026,4191
test_5027,2317
test_5028,625
test_5029,8201
test_5030,10602
test_5031,2994
test_5032,670
test_5033,1033
test_5034,1010
test_5035,982
test_5036,3781
test_5037,2363
test_5038,18429
test_5039,1787
test_5040,1179
test_5041,5832
test_5042,8408
test_5043,766
test_5044,832
test_5045,9046
test_5046,504
test_5047,2743
test_5048,8008
test_5049,5443
test_5050,18071
test_5051,476
test_5052,1114
test_5053,680
test_5054,789
test_5055,1423
test_5056,18659
test_5057,772
test_5058,830
test_5059,5671
test_5060,2241
test_5061,8442
test_5062,1053
test_5063,1119
test_5064,7869
test_5065,2137
test_5066,982
test_5067,6156
test_5068,2409
test_5069,4556
test_5070,1721
test_5071,11746
test_5072,2921
test_5073,675
test_5074,9359
test_5075,5094
test_5076,10399
test_5077,7695
test_5078,2704
test_5079,693
test_5080,755
test_5081,740
test_5082,642
test_5083,4092
test_5084,11405
test_5085,3750
test_5086,2160
test_5087,13768
test_5088,7650
test_5089,4326
test_5090,2850
test_5091,9339
test_5092,2147
test_5093,2183
test_5094,605
test_5095,730
test_5096,1960
test_5097,17513
test_5098,2750
test_5099,591
test_5100,802
test_5101,489
test_5102,527
test_5103,872
test_5104,1177
test_5105,11588
test_5106,1087
test_5107,4004
test_5108,1427
test_5109,4278
test_5110,571
test_5111,505
test_5112,3478
test_5113,2753
test_5114,837
test_5115,3082
test_5116,4113
test_5117,6230
test_5118,9880
test_5119,972
test_5120,1115
test_5121,2044
test_5122,961
test_5123,1415
test_5124,4492
test_5125,1666
test_5126,5996
test_5127,7122
test_5128,720
test_5129,6608
test_5130,2815
test_5131,3707
test_5132,10164
test_5133,992
test_5134,9836
test_5135,4029
test_5136,14386
test_5137,1061
test_5138,5743
test_5139,3009
test_5140,4662
test_5141,2074
test_5142,14766
test_5143,1816
test_5144,725
test_5145,1951
test_5146,2312
test_5147,4067
test_5148,489
test_5149,1014
test_5150,851
test_5151,1781
test_5152,2598
test_5153,6546
test_5154,464
test_5155,936
test_5156,6628
test_5157,5412
test_5158,790
test_5159,10115
test_5160,4766
test_5161,2761
test_5162,6108
test_5163,684
test_5164,2394
test_5165,11886
test_5166,3269
test_5167,3519
test_5168,3266
test_5169,1698
test_5170,1974
test_5171,579
test_5172,492
test_5173,4953
test_5174,4317
test_5175,649
test_5176,7731
test_5177,4165
test_5178,4827
test_5179,1787
test_5180,872
test_5181,11537
test_5182,2965
test_5183,752
test_5184,1180
test_5185,6366
test_5186,3357
test_5187,1073
test_5188,16025
test_5189,6534
test_5190,13766
test_5191,2042
test_5192,1279
test_5193,5006
test_5194,2942
test_5195,853
test_5196,3878
test_5197,1124
test_5198,2559
test_5199,4457
test_5200,2617
test_5201,6177
test_5202,13986
test_5203,732
test_5204,4692
test_5205,1080
test_5206,13097
test_5207,461
test_5208,5082
test_5209,5204
test_5210,4798
test_5211,596
test_5212,1013
test_5213,5840
test_5214,579
test_5215,788
test_5216,803
test_5217,4195
test_5218,1585
test_5219,1970
test_5220,13134
test_5221,436
test_5222,4497
test_5223,1755
test_5224,776
test_5225,1605
test_5226,15395
test_5227,12872
test_5228,1436
test_5229,1303
test_5230,2553
test_5231,6606
test_5232,1276
test_5233,5942
test_5234,2835
test_5235,15032
test_5236,552
test_5237,512
test_5238,526
test_5239,918
test_5240,906
test_5241,720
test_5242,369
test_5243,1368
test_5244,4334
test_5245,4386
test_5246,1024
test_5247,599
test_5248,726
test_5249,4622
test_5250,570
test_5251,450
test_5252,2577
test_5253,2738
test_5254,921
test_5255,814
test_5256,1818
test_5257,7477
test_5258,1431
test_5259,2918
test_5260,5219
